{
    "rootconditions":
    {
        "value":
        {
            "title": "品牌",
            "val": [
            {
                "imgsrc": "logo/5b86423eN599ae43a.jpg",
                "aurl": "http://i.swu.edu.cn/portal_main/toPortalPage",
                "conditionname": "茵曼(INMAN)",
                "lettercategary": "Y"
            },
            {
                "imgsrc": "logo/5639beafN064a3010.jpg",
                "aurl": "http://www.baidu.com",
                "conditionname": " MO&Co.",
                "lettercategary": "M"
            },
            {
                "imgsrc": "logo/56a9c2ecN5c41dc87.jpg",
                "conditionname": "哥弟",
                "lettercategary": "G"
            },
            {
                "imgsrc": "logo/5b0ba27fN3a09c9eb.jpg",
                "conditionname": "ur",
                "lettercategary": "U"
            },
            {
                "imgsrc": "logo/5b7e5eb2N7c2ec8bc.png",
                "conditionname": "纤衣良品",
                "lettercategary": "X"
            },
            {
                "imgsrc": "logo/5b7a10a9Na2d235de.jpg",
                "conditionname": "烟花烫",
                "lettercategary": "Y"
            },
            {
                "imgsrc": "logo/5639be1eNd2075f13.jpg",
                "conditionname": "洛诗琳",
                "lettercategary": "L"
            },
            {
                "imgsrc": "logo/5b7e5bb3Nc5ffd258.jpg",
                "conditionname": "爱美的小狐狸",
                "lettercategary": "A"
            },
            {
                "imgsrc": "logo/5b7e5bb3Nc5ffd258.jpg",
                "conditionname": "爱美的小狐狸",
                "lettercategary": "A"
            },
            {
                "imgsrc": "logo/59cda4d1Ne92054bd.jpg",
                "conditionname": "唐力",
                "lettercategary": "T"
            },
            {
                "imgsrc": "logo/5b7e5e10N421b8d64.jpg",
                "conditionname": "pass",
                "lettercategary": "P"
            },
            {
                "imgsrc": "logo/59cda4d1Ne92054bd.jpg",
                "conditionname": "唐力",
                "lettercategary": "T"
            },
            {
                "imgsrc": "logo/5b7e5e10N421b8d64.jpg",
                "conditionname": "pass",
                "lettercategary": "P"
            },
            {
                "imgsrc": "logo/59cda4d1Ne92054bd.jpg",
                "conditionname": "唐力",
                "lettercategary": "T"
            },
            {
                "imgsrc": "logo/5b7e5e10N421b8d64.jpg",
                "conditionname": "pass",
                "lettercategary": "P"
            },
            {
                "imgsrc": "logo/59cda4d1Ne92054bd.jpg",
                "conditionname": "唐力",
                "lettercategary": "T"
            },
            {
                "imgsrc": "logo/5b7e5e10N421b8d64.jpg",
                "conditionname": "pass",
                "lettercategary": "P"
            },
            {
                "imgsrc": "logo/59cda4d1Ne92054bd.jpg",
                "conditionname": "唐力",
                "lettercategary": "T"
            },
            {
                "imgsrc": "logo/5b7e5e10N421b8d64.jpg",
                "conditionname": "pass",
                "lettercategary": "P"
            },
            {
                "imgsrc": "logo/59cda4d1Ne92054bd.jpg",
                "conditionname": "唐力",
                "lettercategary": "T"
            },
            {
                "imgsrc": "logo/5b7e5e10N421b8d64.jpg",
                "conditionname": "pass",
                "lettercategary": "P"
            }]

        }
    },

    "childconditions": [
        {
            "wfixed": true,
            "showmore": true,
            "multiselect": false,
            "value":
            {
                "title": "女装",
                "val": ["连衣裙", "半身裙", "卫衣", "礼服", "高定", "正装", "礼服", "高定", "正装", "礼服", "高定", "正装"]
            }
        },
        {
            "showmore": true,
            "multiselect": true,
            "value":
            {
                "title": "尺码",
                "val": ["1", "2", "3", "4", "5", "6", "7", "8", "9", "10", "15", "16", "s", "m", "l", "xl", "xxl"]
            }
        },
        {
            "showmore": false,
            "multiselect": true,
            "value":
            {
                "title": "版型",
                "val": ["宽松型", "修身型", "直筒型", "A字型", "斗篷型", "蝙蝠型", "茧型", "坎肩型", "宽肩型"]
            }
        }

    ],
    "advancecondition":
    {
        "title": "高级选项",
        "val": [
            {
                "multiselect": true,
                "value":
                {
                    "title": "袖长",
                    "val": ["短袖", "长袖", "七分袖", "无袖", "九分袖", "吊带", "中袖", "短袖", "长袖", "七分袖", "无袖", "九分袖", "吊带", "中袖", "短袖", "长袖", "七分袖", "无袖", "九分袖", "吊带", "中袖"]
                }
            },
            {
                "multiselect": true,
                "value":
                {
                    "title": "袖型",
                    "val": ["喇叭袖", "蝙蝠", "灯笼袖", "荷叶袖", "喇叭袖", "蝙蝠", "灯笼袖", "荷叶袖", "喇叭袖", "蝙蝠", "灯笼袖", "荷叶袖", "喇叭袖", "蝙蝠", "灯笼袖", "荷叶袖"]
                }
            }

        ]
    }
}